step	loss	lr	tok_per_s	rss_mb	per_task
1	19.955981	5.0000e-06	440.0	11645	listen=19.0985(1) speak=21.9878(6) text=8.6228(1) 
2	19.304136	1.0000e-05	171.6	13175	listen=19.8179(4) speak=22.0100(3) text=9.1316(1) 
3	17.166505	1.5000e-05	250.4	13175	listen=18.4859(5) speak=22.1011(1) text=11.4008(2) 
4	18.953036	2.0000e-05	441.2	13175	listen=19.9334(1) speak=21.9787(5) text=10.8988(2) 
5	20.272142	2.5000e-05	459.7	14000	listen=18.1666(3) speak=21.5355(5) 
6	18.414326	3.0000e-05	475.8	14000	listen=19.7117(3) speak=21.1757(3) text=12.3261(2) 
7	18.765966	3.5000e-05	508.8	14000	listen=18.0671(6) speak=20.8627(2) 
8	19.077827	4.0000e-05	471.4	14000	listen=17.7289(4) speak=20.4268(4) 
9	16.061490	4.5000e-05	454.8	14000	listen=17.6693(5) speak=19.9454(1) text=10.1002(2) 
10	17.259776	5.0000e-05	424.0	14000	listen=17.5551(2) speak=19.5199(4) text=12.4441(2) 
11	16.388942	5.5000e-05	412.9	14000	listen=17.8135(1) speak=18.8506(5) text=9.5224(2) 
12	16.184922	6.0000e-05	466.9	14000	listen=17.6553(3) speak=18.6174(3) text=10.3307(2) 
13	15.440157	6.5000e-05	471.3	14000	listen=15.7546(3) speak=18.0440(3) text=11.0627(2) 
14	15.708605	7.0000e-05	410.5	14000	listen=16.1404(4) speak=17.2015(3) text=9.5030(1) 
15	14.969818	7.5000e-05	453.1	14000	listen=15.2225(4) speak=16.7774(3) text=8.5363(1) 
16	14.578289	8.0000e-05	526.2	14000	listen=15.1008(4) speak=16.2271(3) text=7.5415(1) 
17	14.665732	8.5000e-05	521.7	14000	listen=14.8688(5) speak=15.9675(2) text=11.0467(1) 
18	15.209851	9.0000e-05	472.5	14000	listen=14.3543(2) speak=15.4950(6) 
19	14.786444	9.5000e-05	450.6	14000	listen=13.7541(2) speak=15.1306(6) 
20	14.133838	1.0000e-04	481.8	14000	listen=13.8476(5) speak=14.6110(3) 
21	13.523395	9.9993e-05	455.7	14000	listen=12.6859(2) speak=14.3151(5) text=11.2397(1) 
22	12.926175	9.9973e-05	454.0	14000	listen=12.8749(4) speak=13.8485(3) text=10.3644(1) 
23	12.840293	9.9938e-05	334.4	14000	listen=12.3490(5) speak=13.6592(3) 
24	13.029726	9.9890e-05	351.7	14000	listen=12.7425(4) speak=13.3169(4) 
25	12.212635	9.9829e-05	445.0	14000	listen=11.6752(5) speak=13.1083(3) 
26	12.407225	9.9753e-05	259.1	14000	listen=11.5025(3) speak=12.9501(5) 
27	10.936296	9.9665e-05	565.4	14000	listen=10.6629(7) speak=12.8498(1) 
28	11.975479	9.9562e-05	455.8	14000	listen=10.9039(3) speak=12.6184(5) 
29	11.446989	9.9446e-05	296.7	14000	listen=9.9522(2) speak=12.5245(5) text=9.0490(1) 
30	11.075908	9.9316e-05	464.8	14000	listen=10.0716(4) speak=12.4382(3) text=11.0065(1) 
31	11.042548	9.9173e-05	520.3	14000	listen=11.2011(4) speak=12.4091(2) text=9.3588(2) 
32	11.188880	9.9017e-05	410.8	14000	listen=9.6261(3) speak=12.1266(5) 
33	11.276440	9.8847e-05	396.8	14000	listen=9.0293(2) speak=12.0255(6) 
34	10.657088	9.8663e-05	424.8	14000	listen=9.1372(2) speak=11.8588(5) text=7.6884(1) 
35	9.440804	9.8467e-05	75.8	14000	listen=9.2342(5) speak=11.5679(1) text=8.8938(2) 
36	9.462706	9.8257e-05	56.2	14000	listen=8.7082(5) speak=11.2274(2) text=9.7060(1) 
37	9.530292	9.8034e-05	516.4	14000	listen=8.5662(5) speak=11.1371(3) 
38	9.835014	9.7798e-05	440.2	14000	listen=8.5449(3) speak=11.2309(4) text=8.1218(1) 
39	9.953031	9.7548e-05	253.2	14000	listen=8.6559(3) speak=11.0866(4) text=9.3103(1) 
40	9.360231	9.7286e-05	481.2	14000	listen=8.3358(5) speak=11.0677(3) 
41	9.371085	9.7011e-05	466.3	14000	listen=8.4849(4) speak=10.7257(3) text=8.8523(1) 
42	9.437982	9.6723e-05	269.9	14000	listen=8.7899(5) speak=10.7689(2) text=10.0167(1) 
43	9.537449	9.6423e-05	464.0	14000	listen=8.3481(4) speak=10.7268(4) 
44	9.981660	9.6110e-05	149.1	14000	listen=8.3501(1) speak=10.7075(6) text=7.2584(1) 
45	9.108172	9.5784e-05	380.3	14000	listen=8.2572(5) speak=10.5264(3) 
46	8.873852	9.5446e-05	396.1	14000	listen=7.9473(5) speak=10.4180(3) 
47	8.310802	9.5095e-05	437.5	14000	listen=7.6537(3) speak=10.4387(2) text=7.5493(3) 
48	9.265373	9.4733e-05	69.9	14000	listen=7.9694(3) speak=10.3618(4) text=8.7676(1) 
49	8.836298	9.4358e-05	453.3	14000	listen=8.2180(4) speak=10.2212(3) text=7.1547(1) 
50	9.674896	9.3971e-05	399.3	14000	listen=7.6782(2) speak=10.3404(6) 
51	8.894608	9.3573e-05	122.9	14000	listen=7.4449(3) speak=10.2329(4) text=7.8905(1) 
52	8.999614	9.3162e-05	161.7	14000	listen=7.5025(3) speak=10.1810(4) text=8.7654(1) 
53	8.725860	9.2740e-05	112.1	14000	listen=7.4560(4) speak=9.9957(4) 
54	8.016479	9.2307e-05	455.5	14000	listen=7.4541(4) speak=10.2159(2) text=6.9417(2) 
55	8.712093	9.1862e-05	419.8	14000	listen=7.2234(3) speak=10.0932(4) text=7.6537(1) 
56	8.955907	9.1406e-05	357.2	14000	speak=10.0237(6) text=5.7524(2) 
57	8.578915	9.0939e-05	277.5	14000	listen=7.6791(4) speak=9.9725(3) text=7.9974(1) 
58	8.408100	9.0460e-05	480.1	14000	listen=7.6139(5) speak=9.7318(3) 
59	8.331647	8.9972e-05	445.0	14000	listen=7.3332(5) speak=9.9957(3) 
60	9.144208	8.9472e-05	340.6	14000	listen=7.2893(2) speak=9.7625(6) 
61	9.161363	8.8962e-05	414.6	14065	listen=8.2063(3) speak=9.7344(5) 
62	8.826939	8.8442e-05	402.1	14065	listen=7.2955(3) speak=9.7458(5) 
63	8.812888	8.7911e-05	154.6	14065	listen=7.3958(3) speak=9.6632(5) 
64	8.018924	8.7370e-05	268.1	14065	listen=7.5037(5) speak=9.7470(2) text=7.1387(1) 
65	8.283057	8.6820e-05	354.5	14065	listen=7.1045(3) speak=9.8802(3) text=7.6553(2) 
66	8.668553	8.6260e-05	293.9	14065	listen=7.3989(1) speak=9.9276(5) text=6.1559(2) 
67	8.668645	8.5690e-05	292.8	14065	listen=7.0686(3) speak=9.6287(5) 
68	8.372770	8.5111e-05	237.2	14065	listen=7.4745(5) speak=9.8699(3) 
69	8.080896	8.4523e-05	219.5	14065	listen=7.1670(4) speak=9.8702(3) text=6.3684(1) 
70	7.888443	8.3925e-05	320.8	14065	listen=7.4158(5) speak=9.8107(2) text=6.4074(1) 
71	8.393443	8.3319e-05	190.9	14065	listen=7.0097(4) speak=9.7772(4) 
72	8.874526	8.2705e-05	247.8	14065	listen=7.4764(3) speak=9.7134(5) 
73	7.603837	8.2082e-05	480.7	14065	listen=7.2784(7) speak=9.8822(1) 
74	8.166588	8.1450e-05	326.2	14065	listen=7.4196(5) speak=9.9699(2) text=8.2949(1) 
75	7.705706	8.0811e-05	426.7	14065	listen=6.6492(4) speak=9.5639(3) text=6.3571(1) 
76	8.137569	8.0164e-05	454.2	14065	listen=7.0604(4) speak=9.8719(3) text=7.2431(1) 
77	8.543034	7.9509e-05	419.0	14065	listen=7.5849(2) speak=9.7888(5) text=4.2302(1) 
78	8.500215	7.8846e-05	378.8	14065	listen=6.8441(3) speak=9.4939(5) 
79	7.357939	7.8177e-05	506.5	14065	listen=7.0255(7) speak=9.6850(1) 
80	8.791336	7.7500e-05	403.6	14065	listen=7.0592(3) speak=9.8306(5) 
81	8.701966	7.6816e-05	329.1	14065	listen=7.1715(2) speak=9.6729(5) text=6.9082(1) 
82	9.197992	7.6126e-05	313.4	14065	listen=6.8499(1) speak=9.5334(7) 
83	8.861933	7.5430e-05	431.3	14065	listen=6.8544(2) speak=9.5311(6) 
84	7.907719	7.4727e-05	507.1	14065	listen=6.9722(5) speak=9.4668(3) 
85	9.122370	7.4018e-05	358.7	14065	listen=6.7093(2) speak=9.5366(4) text=10.7070(2) 
86	8.187171	7.3303e-05	444.9	14065	listen=7.1836(3) speak=9.4196(4) text=6.2684(1) 
87	7.993717	7.2583e-05	364.2	14065	listen=7.0738(5) speak=9.5269(3) 
88	8.569296	7.1857e-05	394.8	14065	listen=7.1783(3) speak=9.4039(5) 
89	8.394091	7.1127e-05	379.3	14065	listen=7.1333(4) speak=9.6549(4) 
90	8.142856	7.0391e-05	458.8	14065	listen=6.7288(4) speak=9.5569(4) 
91	8.934472	6.9651e-05	338.5	14065	listen=7.3343(2) speak=9.4679(6) 
92	7.877869	6.8906e-05	312.2	14065	listen=6.7347(3) speak=9.4334(4) text=5.0855(1) 
93	7.919107	6.8157e-05	378.3	14065	listen=6.9194(5) speak=9.5853(3) 
94	7.874457	6.7404e-05	458.8	14065	listen=7.0622(3) speak=9.3336(3) text=6.9041(2) 
95	8.893563	6.6647e-05	415.9	14065	listen=7.0731(2) speak=9.5004(6) 
96	7.573965	6.5886e-05	428.3	14065	listen=7.0497(4) speak=9.3126(2) text=6.8838(2) 
97	8.058040	6.5123e-05	457.4	14065	listen=6.8355(3) speak=9.3616(4) text=6.5113(1) 
98	7.974485	6.4356e-05	362.1	14065	listen=7.0550(4) speak=9.4346(3) text=7.2721(1) 
99	7.359452	6.3586e-05	409.6	14065	listen=6.6814(5) speak=9.4653(2) text=6.5381(1) 
100	6.984891	6.2814e-05	518.4	14065	listen=6.6086(7) speak=9.6188(1) 
101	7.889548	6.2040e-05	263.2	14065	listen=6.8238(4) speak=9.4143(3) text=7.5782(1) 
102	7.534958	6.1263e-05	476.9	14065	listen=6.9474(5) speak=9.5487(2) text=6.4451(1) 
103	7.327379	6.0484e-05	412.5	14065	listen=6.8644(4) speak=9.2295(2) text=6.3512(2) 
104	8.420709	5.9704e-05	444.5	14065	listen=6.4586(2) speak=9.5126(5) text=6.8853(1) 
105	8.160176	5.8922e-05	249.5	14065	listen=6.7378(3) speak=9.4243(4) text=7.3710(1) 
106	7.692306	5.8139e-05	441.3	14065	listen=6.6650(4) speak=9.3350(3) text=6.8734(1) 
107	7.871068	5.7355e-05	434.1	14065	listen=6.9479(5) speak=9.4097(3) 
108	8.529530	5.6570e-05	383.8	14065	listen=7.0584(3) speak=9.4122(5) 
109	7.995103	5.5785e-05	393.7	14065	listen=6.9142(3) speak=9.3829(4) text=5.6866(1) 
110	8.118248	5.5000e-05	360.3	14065	listen=6.8856(3) speak=9.3606(4) text=6.8466(1) 
111	8.116651	5.4215e-05	301.5	14065	listen=7.7211(1) speak=9.2418(4) text=6.7482(3) 
112	8.268985	5.3430e-05	432.1	14065	listen=7.5218(2) speak=9.3390(5) text=4.4134(1) 
113	7.628290	5.2645e-05	508.3	14065	listen=6.7978(4) speak=9.3126(3) text=5.8974(1) 
114	7.939238	5.1861e-05	450.4	14065	listen=6.7913(3) speak=9.2208(4) text=6.2569(1) 
115	7.775057	5.1078e-05	502.2	14065	listen=6.9545(5) speak=9.1427(3) 
116	7.777002	5.0296e-05	470.9	14065	listen=6.7501(3) speak=9.1718(3) text=7.2252(2) 
117	7.451486	4.9516e-05	490.9	14065	listen=6.4379(5) speak=9.1408(3) 
118	7.773430	4.8737e-05	447.3	14065	listen=5.9468(2) speak=9.1763(5) text=4.4120(1) 
119	7.664732	4.7960e-05	463.1	14065	listen=6.4950(3) speak=9.3083(4) text=4.5996(1) 
120	7.597963	4.7186e-05	354.4	14065	listen=6.6673(4) speak=9.1962(3) text=6.5261(1) 
121	7.959183	4.6414e-05	294.6	14065	listen=7.3776(4) speak=9.4478(3) text=5.8196(1) 
122	8.273155	4.5644e-05	429.9	14065	listen=6.6500(3) speak=9.2470(5) 
123	6.712225	4.4877e-05	484.6	14065	listen=6.7122(8) 
124	7.957692	4.4114e-05	279.7	14065	listen=6.8453(4) speak=9.0701(4) 
125	8.307600	4.3353e-05	425.7	14065	listen=6.7015(3) speak=9.2712(5) 
126	7.331869	4.2596e-05	403.4	14065	listen=6.4280(5) speak=9.3925(2) text=7.7297(1) 
127	6.478682	4.1843e-05	312.8	14065	listen=6.1574(6) speak=9.4034(1) text=5.4814(1) 
128	7.617259	4.1094e-05	445.6	14065	listen=6.7133(5) speak=9.1238(3) 
129	7.893090	4.0349e-05	456.1	14065	listen=7.1515(2) speak=9.3281(4) text=5.7647(2) 
130	8.492113	3.9609e-05	256.5	14065	listen=5.8363(1) speak=9.2034(6) text=6.8802(1) 
131	8.776730	3.8873e-05	374.0	14065	listen=6.7266(1) speak=9.0696(7) 
132	7.836514	3.8143e-05	475.1	14065	listen=6.6219(4) speak=9.0511(4) 
133	8.476173	3.7417e-05	399.6	14065	listen=6.5247(1) speak=9.1724(6) text=6.2502(1) 
134	7.586881	3.6697e-05	269.3	14065	listen=6.7968(2) speak=9.1480(4) text=5.2547(2) 
135	7.033834	3.5982e-05	498.7	14065	listen=6.1350(4) speak=9.2142(3) text=4.0881(1) 
136	8.169319	3.5273e-05	468.5	14065	listen=6.3524(3) speak=9.2595(5) 
137	7.847851	3.4570e-05	463.0	14065	listen=6.5518(4) speak=9.1439(4) 
138	7.771217	3.3874e-05	488.5	14065	listen=6.7299(4) speak=9.2149(3) text=7.6055(1) 
139	7.539712	3.3184e-05	494.7	14065	listen=7.3156(5) speak=9.2755(2) text=5.1885(1) 
140	7.879228	3.2500e-05	485.4	14065	listen=6.4430(4) speak=9.3155(4) 
141	8.123684	3.1823e-05	435.6	14065	listen=6.0819(3) speak=9.3488(5) 
142	8.222602	3.1154e-05	460.4	14065	listen=6.6739(3) speak=9.1518(5) 
143	7.818845	3.0491e-05	375.5	14065	listen=6.3503(4) speak=9.2873(4) 
144	7.351758	2.9836e-05	345.6	14065	listen=6.2017(5) speak=9.2685(3) 
145	8.268738	2.9189e-05	175.2	14065	listen=6.2523(1) speak=8.9774(6) text=6.0331(1) 
146	7.538893	2.8550e-05	335.6	14065	listen=6.2124(3) speak=9.0951(4) text=5.2937(1) 
147	8.006996	2.7918e-05	207.1	14065	listen=6.7058(4) speak=9.3082(4) 
148	7.195569	2.7295e-05	470.4	14065	listen=6.6548(6) speak=8.8179(2) 
149	7.739855	2.6681e-05	301.3	14065	listen=6.3350(4) speak=9.1447(4) 
150	7.484734	2.6075e-05	291.9	14065	listen=6.6961(4) speak=9.0124(3) text=6.0561(1) 
151	7.097525	2.5477e-05	302.9	14065	listen=6.4429(6) speak=9.0615(2) 
152	7.743388	2.4889e-05	355.1	14065	listen=6.6291(3) speak=9.0925(4) text=5.6898(1) 
153	7.301138	2.4310e-05	435.8	14065	listen=6.2636(4) speak=9.3620(3) text=5.2688(1) 
154	7.874874	2.3740e-05	290.6	14065	listen=6.3955(4) speak=9.3543(4) 
155	7.478436	2.3180e-05	324.2	14065	listen=6.4640(5) speak=9.1691(3) 
156	6.740059	2.2630e-05	538.9	14065	listen=6.3772(7) speak=9.2803(1) 
157	6.741744	2.2089e-05	330.3	14065	listen=6.7393(4) speak=9.2034(2) text=4.2849(2) 
158	7.355082	2.1558e-05	447.3	14065	listen=6.3063(5) speak=9.1030(3) 
159	7.431685	2.1038e-05	393.4	14065	listen=6.4984(5) speak=8.9872(3) 
160	8.925629	2.0528e-05	215.8	14065	listen=6.7652(1) speak=9.2343(7) 
161	7.601611	2.0028e-05	407.3	14065	listen=6.5541(3) speak=9.1592(4) text=4.5140(1) 
162	7.468136	1.9540e-05	492.4	14065	listen=6.5118(5) speak=9.0621(3) 
163	7.511241	1.9061e-05	509.7	14065	listen=6.5645(5) speak=9.0892(3) 
164	7.000877	1.8594e-05	432.5	14065	listen=6.2755(6) speak=9.1769(2) 
165	6.119233	1.8138e-05	375.5	14065	listen=6.0695(6) speak=8.5022(1) text=4.0347(1) 
166	7.306971	1.7693e-05	312.8	14065	listen=5.9185(3) speak=9.1865(4) text=3.9543(1) 
167	7.060594	1.7260e-05	320.0	14065	listen=6.4083(6) speak=9.0176(2) 
168	7.571223	1.6838e-05	468.3	14065	listen=5.9454(4) speak=9.1971(4) 
169	6.692418	1.6427e-05	477.0	14065	listen=6.2215(4) speak=9.0748(1) text=6.5262(3) 
170	8.490826	1.6029e-05	411.7	14065	listen=6.8061(2) speak=9.0524(6) 
171	8.451042	1.5642e-05	307.0	14065	listen=6.5914(2) speak=9.0709(6) 
172	7.562803	1.5267e-05	338.1	14065	listen=6.6666(5) speak=9.0564(3) 
173	7.500430	1.4905e-05	351.7	14065	listen=5.7017(3) speak=9.0830(4) text=6.5664(1) 
174	7.656093	1.4554e-05	301.8	14065	listen=6.4193(3) speak=9.2101(4) text=5.1506(1) 
175	6.925555	1.4216e-05	441.4	14065	listen=6.2325(5) speak=9.1854(2) text=5.8709(1) 
176	7.952826	1.3890e-05	522.7	14065	listen=6.7969(4) speak=9.1088(4) 
177	7.445257	1.3577e-05	359.4	14065	listen=6.5015(4) speak=9.1978(3) text=5.9625(1) 
178	7.722014	1.3277e-05	514.4	14065	listen=6.9337(4) speak=9.1996(3) text=6.4426(1) 
179	7.608856	1.2989e-05	410.9	14065	listen=6.4025(4) speak=8.8153(4) 
180	7.376985	1.2714e-05	373.2	14065	listen=6.3539(3) speak=9.0963(4) text=3.5691(1) 
181	8.098540	1.2452e-05	413.0	14065	listen=6.2870(3) speak=9.1855(5) 
182	7.288194	1.2202e-05	255.3	14065	listen=6.1669(5) speak=9.1571(3) 
183	7.318213	1.1966e-05	363.1	14065	listen=6.4434(3) speak=9.2304(3) text=5.7622(2) 
184	7.369180	1.1743e-05	296.4	14065	listen=6.2951(5) speak=9.1592(3) 
185	7.551385	1.1533e-05	337.3	14065	listen=6.0915(4) speak=9.0112(4) 
186	8.392564	1.1337e-05	299.5	14065	listen=6.1051(2) speak=9.1551(6) 
187	8.579510	1.1153e-05	381.7	14065	listen=6.0167(1) speak=8.9456(7) 
188	6.997325	1.0983e-05	339.7	14065	listen=6.3821(5) speak=8.9686(2) text=6.1309(1) 
189	7.421998	1.0827e-05	475.8	14065	listen=6.5432(4) speak=8.9691(3) text=6.2959(1) 
190	7.567568	1.0684e-05	351.5	14065	listen=6.0409(4) speak=9.0942(4) 
191	7.560979	1.0554e-05	426.3	14065	listen=5.9685(2) speak=9.0619(5) text=3.2416(1) 
192	7.052303	1.0438e-05	372.5	14065	listen=6.2097(4) speak=9.1357(3) text=4.1725(1) 
193	7.254878	1.0335e-05	297.3	14065	listen=6.3103(3) speak=9.1164(3) text=5.8794(2) 
194	7.959691	1.0247e-05	310.9	14065	listen=6.2751(3) speak=8.9705(5) 
195	7.878858	1.0171e-05	288.7	14065	listen=6.7436(4) speak=9.0141(4) 
196	7.700732	1.0110e-05	312.6	14065	listen=5.8287(2) speak=9.0170(5) text=4.8636(1) 
197	8.166081	1.0062e-05	373.7	14065	listen=6.8961(2) speak=9.0743(5) text=6.1647(1) 
198	7.699566	1.0027e-05	403.0	14065	listen=6.3546(3) speak=9.1900(4) text=5.7725(1) 
199	8.032551	1.0007e-05	323.4	14065	listen=6.4531(3) speak=8.9802(5) 
200	5.998850	1.0000e-05	427.0	14065	listen=6.2086(5) text=5.6492(3) 
